NOMBRE,CODIGO,MUNICIPIO,CORRIENTE,ALTITUD_msnm,INICIO,FIN,N_MESES,ESTADO
APTO BENITO SALAS,21115020,NEIVA,LAS CEIBAS,439.0,1930,2017,638,Activa
GIGANTE,21065020,GIGANTE,LORO,810.0,1934,1941,79,SUS
YAGUARA,21085010,YAGUARÁ,YAGUARA,630.0,1934,1942,74,SUS
SUAZA,21035010,SUAZA,SUAZA,900.0,1937,1941,56,SUS
AGRADO,21040010,AGRADO,MAGDALENA,905.0,1959,2003,415,SUS
ARGENTINA LA,21050060,LA ARGENTINA,LA PLATA,1500.0,1959,2017,590,Activa
BARAYA,21110070,BARAYA,QDA LAS LAJAS,615.0,1959,2017,582,Activa
PITA LA,21060040,GARZÓN,QDA SAN MIGUEL,1330.0,1959,2017,594,Activa
POTOSI,21110090,VILLAVIEJA,MAGDALENA,400.0,1959,2017,584,Activa
VENADO EL,21140010,COLOMBIA,CABRERA,584.0,1959,2017,554,Activa
YAGUARA,21080030,YAGUARÁ,YAGUARA,600.0,1959,2017,560,Activa
BANQUITO EL,21145010,COLOMBIA,CABRERA,800.0,1964,1983,163,SUS
SAN JOSE,21115060,VILLAVIEJA,MAGDALENA,400.0,1965,2017,572,Activa
JUNCAL EL,21095010,PALERMO,MAGDALENA,460.0,1966,2017,585,Activa
BUENAVISTA,21090090,PALERMO,QDA SARDINATA,520.0,1969,2002,329,SUS
CARMEN EL,21130060,PALERMO,CHIQUILA,2250.0,1969,2017,576,Activa
CASA BOMBAS 1 JUNC,21090060,PALERMO,MAGDALENA,450.0,1969,2002,298,SUS
CUCHARO EL,21090020,PALERMO,QDA GALLINAZO,620.0,1969,2017,483,Activa
GUADALUPE,21030050,GUADALUPE,SUAZA,893.0,1969,2017,582,Activa
HATO BOGOTA,21110180,TELLO,FORTALECILLAS,591.0,1969,2017,483,Activa
LAGUNA LA,21010040,PITALITO,MAGDALENA,1334.0,1969,2017,580,Activa
LAURELES LOS,21115140,BARAYA,VILLAVIEJA,2100.0,1969,2013,402,Activa
LLANO AZUL,21100030,CAMPOALEGRE,QDA DE LA CIENAGA,600.0,1969,1974,43,SUS
MEDIANIA,21010060,ISNOS,GRANATES,1763.0,1969,2017,577,Activa
MESA REDONDA,21110160,TELLO,BATEAS,500.0,1969,2017,512,Activa
PAPAGAYO HDA,21090040,PALERMO,MAGDALENA,460.0,1969,2017,535,Activa
PEREZ HDA,21130050,AIPE,AIPE,450.0,1969,2017,577,Activa
POLONIA,21110330,VILLAVIEJA,VILLAVIEJA,429.0,1969,2017,518,Activa
PORTAL EL,21115070,TELLO,VILLAVIEJA,1300.0,1969,2011,489,Activa
SAN ADOLFO,21030060,ACEVEDO,SUAZA,1345.0,1969,2017,576,Activa
SAN AGUSTIN,21010070,SAN AGUSTÍN,NARANJO,1720.0,1969,1971,32,SUS
SAN JOSE DE ISNOS,21010050,ISNOS,QDA NEGRA,1720.0,1969,2017,511,Activa
SAN JUANITO,21140100,VILLAVIEJA,CABRERA,368.0,1969,2017,490,Activa
SANTA BARBARA,21090110,PALERMO,QDA SARDINATA,454.0,1969,2017,466,Activa
STA CECILIA,21090030,PALERMO,QDA GALLINAZO,450.0,1969,2002,325,SUS
STA HELENA,21115050,BARAYA,VILLAVIEJA,1735.0,1969,1973,43,SUS
VICTORIA LA,21110290,VILLAVIEJA,MAGDALENA,400.0,1969,2017,513,Activa
VILLAVIEJA FFCC,21115080,VILLAVIEJA,MAGDALENA,430.0,1969,2016,540,Activa
YEGUERA LA,21110120,VILLAVIEJA,MAGDALENA,400.0,1969,2017,495,Activa
ESC AGR LA PLATA,21055020,LA PLATA,LA PLATA,1070.0,1970,2017,555,Activa
ACEVEDO,21030080,ACEVEDO,SUAZA,1350.0,1971,2017,551,Activa
ALGECIRAS,21105030,ALGECIRAS,NEIVA,1155.0,1971,2015,488,Activa
ALTAMIRA,21025020,ALTAMIRA,SUAZA,1352.0,1971,2008,287,SUS
ANTENA TV,21040020,AGRADO,MAGDALENA,2210.0,1971,2017,544,Activa
GARZON,21060080,GARZÓN,QDA GARZON,990.0,1971,2017,544,Activa
GIGANTE 2,21060070,GIGANTE,QDA GUANDINOSA,850.0,1971,2017,553,Activa
HOBO EL,21060090,HOBO,QDA DEL HOBO,636.0,1971,2017,545,Activa
INSFOPAL,21010110,PITALITO,GUARAPAS,1265.0,1971,2017,556,Activa
IQUIRA,21085020,ÍQUIRA,IQUIRA,1095.0,1971,2010,428,SUS
JAGUA LA,21030090,GARZÓN,SUAZA,755.0,1971,2017,554,Activa
LEGIOSA LA,21145070,COLOMBIA,AMBICA,1476.0,1971,2016,513,Activa
NATAGA,21050090,NÁTAGA,NEGRO,1545.0,1971,2017,550,Activa
PALACIO-VEGALARGA,21115100,NEIVA,FORTALECILLAS,1100.0,1971,2016,517,Activa
PALESTINA,21010100,PALESTINA,GUARAPAS,1530.0,1971,2017,547,Activa
PARQUE ARQUEOLOGIC,21015030,SAN AGUSTÍN,NARANJO,1800.0,1971,2017,546,Activa
RESINA,21035020,GUADALUPE,SUAZA,2102.0,1971,2007,427,SUS
RIVERA-CUCOLANDIA,21110210,RIVERA,FRIO,600.0,1971,1983,84,SUS
SAN FRANCISCO,21120080,NEIVA,BACHE,825.0,1971,1989,206,SUS
SAN LUIS,21130040,NEIVA,CHIQUILA,1140.0,1971,2017,540,Activa
SAN PEDRO,21130070,AIPE,CHIQUILLA,850.0,1971,1995,267,SUS
SEVILLA,21015020,PITALITO,GUARAPAS,1320.0,1971,2016,541,Activa
STA MARIA,21125010,SANTA MARÍA,BACHE,1300.0,1971,2017,473,Activa
TESALIA 2,21050290,TESALIA,LA PLATA,825.0,1971,2017,530,Activa
TOTUMO EL,21120090,PALERMO,TUNE,700.0,1971,2017,536,Activa
VUELTA LA,21105020,CAMPOALEGRE,NEIVA,500.0,1971,1973,26,SUS
ZULUAGA,21065040,GARZÓN,LORO,1270.0,1971,2016,527,Activa
ARIZONA,21140030,BARAYA,CABRERA,638.0,1973,2016,464,Activa
HATO MILAGRO,21110040,TELLO,FORTALECILLAS,548.0,1973,2016,517,Activa
MIRAFLORES,21140080,COLOMBIA,CABRERA,1049.0,1973,2017,513,Activa
ORGANOS,21130080,NEIVA,CHIQUILLA,800.0,1973,2017,518,Activa
STA ANA,21140060,COLOMBIA,CABRERA,1100.0,1973,1989,197,SUS
BARAYA,21115110,BARAYA,VILLAVIEJA,635.0,1974,1983,87,SUS
CUEVA LOS GUACHARO,21035030,ACEVEDO,SUAZA,2225.0,1974,1987,150,SUS
ROSALES LOS,21105050,CAMPOALEGRE,NEIVA,553.0,1974,2017,470,SUS
BAJO FRUTAL,21010130,SAN AGUSTÍN,MAGDALENA,1660.0,1975,2017,499,Activa
CANDELA LA,21010140,SAN AGUSTÍN,NARANJO,1940.0,1975,2017,498,Activa
ESCALERETA LA,21040070,AGRADO,MAGDALENA,700.0,1975,2005,353,SUS
HATILLO EL,21050140,TESALIA,NEGRO,900.0,1975,2017,475,Activa
HERRERAS LAS,21080100,TERUEL,STA MARIA,1800.0,1975,2017,472,Activa
MINA LA,21080080,TERUEL,PEDERNAL,1800.0,1975,2017,496,Activa
OPORAPA,21040030,OPORAPA,MAGDALENA,1614.0,1975,2017,502,Activa
PRAGA,21130110,AIPE,AIPE,1085.0,1975,2017,491,Activa
SAN VICENTE,21050160,LA PLATA,LA PLATA,1745.0,1975,2017,485,Activa
VILLA FATIMA,21010160,SAN AGUSTÍN,MULALES,1724.0,1975,2017,489,Activa
YARUMAL,21050170,NÁTAGA,NEGRO,1950.0,1975,2017,493,Activa
ARCADIA LA,21100140,ALGECIRAS,BLANCO,1380.0,1976,2017,422,Activa
ARMENIA LA,21080090,TERUEL,PEDERNAL,2700.0,1976,1994,192,SUS
NUEVO PARAISO,21100080,ALGECIRAS,NEIVA,1525.0,1976,2017,485,Activa
PALCO EL,21100120,CAMPOALEGRE,MAGDALENA,880.0,1976,2002,228,SUS
VOLCAN EL,21120100,PALERMO,BACHE,1105.0,1976,2017,483,Activa
LIBANO EL,21140130,COLOMBIA,CABRERA,2000.0,1977,2016,383,Activa
TOMO EL,21140110,VILLAVIEJA,CABRERA,444.0,1977,2017,463,Activa
BOCA LA,21115120,VILLAVIEJA,MAGDALENA,430.0,1978,1988,126,SUS
CASA BOMBAS 2,21090120,PALERMO,QDA SARDINATA,455.0,1979,2002,270,SUS
CRISTALINA  LA HDA,21060100,GIGANTE,QDA GUANDINOSA,1460.0,1979,2017,420,Activa
MANGA LA HDA,21130170,AIPE,AIPE,450.0,1979,1992,130,SUS
PAEZ PAICOL RADIO,21050150,PAICOL,PAEZ,788.0,1979,2017,461,Activa
POTOSI HDA,21100100,CAMPOALEGRE,MAGDALENA,680.0,1979,1987,96,SUS
PTE BALSEADERO RAD,21040040,AGRADO,MAGDALENA,688.0,1979,2017,440,Activa
PTE SALADOBLANCO R,21020050,ELÍAS,MAGDALENA,1046.0,1979,2017,452,Activa
SINAI HDA,21110310,VILLAVIEJA,MAGDALENA,400.0,1979,2002,264,SUS
STO DOMINGO D C,21140140,BARAYA,VENADO,1300.0,1979,1986,80,SUS
ALTO DEL OBISPO,21010190,SAN AGUSTÍN,NARANJO,1700.0,1980,2017,429,Activa
HORNITOS,21010250,ISNOS,BORDONES,2000.0,1980,2017,436,Activa
MEREMBERG HDA,21050190,LA PLATA,AGUACATAL,2220.0,1980,2017,444,Activa
MONTECRISTO,21010210,PITALITO,GUARAPAS,1674.0,1980,2017,432,Activa
MORELIA,21010220,SALADOBLANCO,GRANATES,1625.0,1980,2017,440,Activa
RIOLORO,21060110,GIGANTE,LORO,721.0,1980,2017,438,Activa
RIONEGRO HDA,21120130,PALERMO,BACHE,560.0,1980,2013,371,Activa
SAN ANTONIO DEL PE,21030110,GARZÓN,SUAZA,1190.0,1980,2017,434,Activa
STA ROSA HDA,21080070,YAGUARÁ,YAGUARA,650.0,1980,2017,436,Activa
SULCHOMISCO,21010200,SAN AGUSTÍN,MAGDALENA,1800.0,1980,2017,435,Activa
TABOR EL,21010180,PALESTINA,GUARAPAS,1700.0,1980,2017,398,Activa
TARQUI,21040050,TARQUI,MAGDALENA,830.0,1980,2017,433,Activa
TRES ESQUINAS,21040060,PITAL,MAGDALENA,805.0,1980,2017,426,Activa
VISO EL,21020040,ELÍAS,MAGDALENA,1017.0,1980,2017,437,Activa
BETANIA TV,21010230,SAN AGUSTÍN,NARANJO,1949.0,1981,2017,437,Activa
ESC BELEN,21010170,ISNOS,BORDONES,1700.0,1981,2017,428,Activa
INSPECCION BELEN,21050180,LA PLATA,LA PLATA,1920.0,1981,1995,163,SUS
VILLALOBOS TV,21010240,PITALITO,GUARAPAS,2270.0,1981,2003,239,SUS
HIDROBETANIA,21090130,YAGUARÁ,MAGDALENA,500.0,1982,1986,56,SUS
ANTENA CERRO NEIVA,21110420,NEIVA,CEIBAS,2030.0,1983,1990,69,SUS
BUENAVISTA HDA,21080120,ÍQUIRA,YAGUARA,1720.0,1983,1995,142,SUS
COLONIA LA HDA,21110410,NEIVA,CEIBAS,2100.0,1983,1994,88,SUS
GIRONDA LA HDA,21110430,NEIVA,CEIBAS,1060.0,1983,2017,388,Activa
GUADUAL EL,21110440,RIVERA,NEIVA,735.0,1983,2017,403,Activa
MANILA LA HDA,21115160,BARAYA,VILLAVIEJA,600.0,1983,2015,369,Activa
SAN JOSE HDA,21080110,TESALIA,YAGUARA,1000.0,1983,2016,353,Activa
STA HELENA,21110400,NEIVA,CEIBAS,1160.0,1983,2016,388,Activa
TOTUMO EL HDA,21080130,ÍQUIRA,YAGUARA,790.0,1983,2011,328,Activa
VILLARANZA,21115150,NEIVA,CEIBAS,740.0,1983,1987,53,SUS
CARDO  2 EL,21090140,PALERMO,QDA GALLINAZO,480.0,1984,2002,211,SUS
JORGE VILLAMIL,21065030,GIGANTE,QDA GUANDINOSA,1500.0,1984,1994,108,Activa
JUNCALITO,21090150,PALERMO,MAGDALENA,450.0,1984,2002,153,SUS
SAN RAFAEL,21085030,TERUEL,PEDERNAL,1030.0,1984,2017,383,Activa
PUEBLO NUEVO,21110130,NEIVA,CEIBAS,1580.0,1985,2012,285,Activa
BETULIA LA,21045010,AGRADO,MAGDALENA,780.0,1986,2016,345,Activa
JULIA LA,21135050,NEIVA,CHIQUILA,1691.0,1986,2016,343,Activa
LIBANO EL,21035040,SUAZA,SUAZA,1045.0,1986,2017,366,Activa
PALERMO,21125020,PALERMO,BACHE,550.0,1986,2012,284,Activa
PARAGUAY HDA,21120010,PALERMO,BACHE,1300.0,1986,2017,346,Activa
STA ANA,21145080,COLOMBIA,CABRERA,1410.0,1986,2016,345,Activa
STO DOMINGO,21145060,BARAYA,CABRERA,1275.0,1986,2009,262,SUS
POTOSI HDA,21105040,CAMPOALEGRE,MAGDALENA,680.0,1987,2017,326,Activa
STA BARBARA FCA,21100070,ALGECIRAS,NEIVA,1750.0,1987,2017,355,Activa
POTRERITO,21120040,AIPE,BACHE,850.0,1989,2017,336,Activa
HIDROBETANIA,21105060,CAMPOALEGRE,MAGDALENA,500.0,1990,2011,154,SUS
TERPEYA COLOMBIA,21085040,ÍQUIRA,YAGUARA,1650.0,1991,2017,311,Activa
ALTAMIRA EL GRIFO,21025030,ALTAMIRA,SUAZA,1368.0,1995,2017,236,Activa
NEIVA,21110460,NEIVA,LAS CEIBAS,516.0,2010,2017,86,Activa
